StateAbbr,PlaceName,PlaceFIPS,Population2010,Geolocation,MHLTH_CrudePrev,MHLTH_AdjPrev,Crude95CI_Low,Crude95CI_High,Adjusted95CI_Low,Adjusted95CI_High
AL,Birmingham,107000,212237,"[33.5275663773, -86.7988174678]",15.6,15.6,15.4,15.8,15.4,15.8
AL,Hoover,135896,81619,"[33.3767602729, -86.8051937568]",10.4,10.4,10.1,10.7,10.1,10.7
AL,Huntsville,137000,180105,"[34.6989692671, -86.6387042882]",13.3,13.4,13.1,13.6,13.2,13.7
AL,Mobile,150000,195111,"[30.6776248648, -88.1184482714]",14.9,15.0,14.7,15.1,14.9,15.2
AL,Montgomery,151000,205764,"[32.3472645333, -86.2677059552]",14.9,14.8,14.7,15.2,14.6,15.1
AL,Tuscaloosa,177256,90468,"[33.2336083951, -87.5268004073]",16.1,15.5,15.6,16.6,15.2,15.8
AK,Anchorage,203000,291826,"[61.149868731, -149.111113424]",11.0,10.6,10.9,11.2,10.4,10.7
AZ,Avondale,404720,76238,"[33.3858367405, -112.323626619]",13.3,12.7,13.0,13.5,12.4,12.9
AZ,Chandler,412000,236123,"[33.28318981, -111.852210033]",10.5,10.2,10.3,10.7,10.0,10.3
AZ,Gilbert,427400,208453,"[33.310149392, -111.746237467]",10.2,9.7,10.0,10.4,9.6,9.9
AZ,Glendale,427820,226721,"[33.5796123089, -112.225306421]",13.2,13.0,13.1,13.4,12.8,13.1
AZ,Mesa,446000,439041,"[33.4022837359, -111.718721181]",12.1,12.3,12.0,12.3,12.2,12.4
AZ,Peoria,454050,154065,"[33.7847206422, -112.298680584]",10.9,11.0,10.7,11.0,10.9,11.2
AZ,Phoenix,455000,1445632,"[33.5724138695, -112.088995222]",13.4,13.0,13.3,13.4,12.9,13.0
AZ,Scottsdale,465000,217385,"[33.6872493651, -111.865085877]",9.0,9.4,8.8,9.1,9.3,9.6
AZ,Surprise,471510,117517,"[33.6803835177, -112.452218439]",10.6,11.2,10.3,10.8,10.9,11.4
AZ,Tempe,473000,161719,"[33.3882640307, -111.931802302]",11.8,11.2,11.6,12.1,11.0,11.4
AZ,Tucson,477000,520116,"[32.1567244483, -110.877085494]",13.5,13.4,13.4,13.6,13.3,13.6
AZ,Yuma,485540,93064,"[32.5986027117, -114.54836837]",13.4,13.5,13.1,13.7,13.2,13.7
AR,Fayetteville,523290,73580,"[36.0712117312, -94.1659600436]",13.3,12.5,12.8,13.9,12.1,12.9
AR,Fort Smith,524550,86209,"[35.3491692636, -94.3696317306]",15.3,15.4,15.0,15.6,15.1,15.7
AR,Jonesboro,535710,67263,"[35.8208121538, -90.6794991686]",14.0,13.8,13.6,14.5,13.4,14.2
AR,Little Rock,541000,193524,"[34.7253957894, -92.3583751863]",12.9,12.8,12.7,13.1,12.6,13.0
AR,Springdale,566080,69797,"[36.1869932598, -94.1536274531]",15.2,14.9,14.8,15.7,14.5,15.3
CA,Alameda,600562,73812,"[37.7650849031, -122.266489842]",9.4,9.5,9.2,9.7,9.3,9.8
CA,Alhambra,600884,83089,"[34.0839734383, -118.135514119]",10.0,10.1,9.8,10.3,9.9,10.3
CA,Anaheim,602000,336265,"[33.8389076996, -117.857613481]",12.7,12.4,12.6,12.9,12.3,12.6
CA,Antioch,602252,102372,"[37.9777042922, -121.796606971]",13.1,12.8,12.9,13.4,12.6,13.0
CA,Apple Valley,602364,69135,"[34.5315984948, -117.211012664]",13.5,13.9,13.2,13.8,13.6,14.2
CA,Bakersfield,603526,347483,"[35.3513302855, -119.029786003]",13.8,13.4,13.6,13.9,13.3,13.6
CA,Baldwin Park,603666,75390,"[34.082871519, -117.972100918]",13.7,13.3,13.3,14.1,12.9,13.6
CA,Bellflower,604982,76616,"[33.8880417923, -118.127100236]",13.5,13.2,13.3,13.8,12.9,13.4
CA,Berkeley,606000,112580,"[37.8725678765, -122.274907975]",10.3,9.8,10.0,10.5,9.6,10.0
CA,Buena Park,608786,80530,"[33.8572126844, -118.004517591]",11.3,11.2,11.1,11.6,10.9,11.4
CA,Burbank,608954,103340,"[34.1879799605, -118.323429032]",11.0,11.0,10.8,11.2,10.8,11.2
CA,Carlsbad,611194,105328,"[33.1248051026, -117.282903303]",9.4,9.5,9.1,9.7,9.2,9.8
CA,Carson,611530,91714,"[33.8374083001, -118.255936422]",11.0,11.1,10.8,11.3,10.9,11.4
CA,Chico,613014,86187,"[39.7568503668, -121.815983972]",13.5,13.0,13.1,13.9,12.7,13.3
CA,Chino,613210,77983,"[33.983588126, -117.665296584]",12.0,11.5,11.7,12.3,11.3,11.8
CA,Chino Hills,613214,74799,"[33.950774546, -117.725326968]",9.3,8.9,9.0,9.6,8.7,9.2
CA,Chula Vista,613392,243916,"[32.6282964262, -117.010042407]",11.4,11.3,11.3,11.6,11.1,11.4
CA,Citrus Heights,613588,83301,"[38.6947788342, -121.287991502]",13.3,13.4,13.1,13.6,13.1,13.7
CA,Clovis,614218,95631,"[36.8289400179, -119.68665285]",12.0,11.9,11.8,12.3,11.7,12.1
CA,Compton,615044,96455,"[33.892965693, -118.227506568]",16.4,15.9,16.1,16.8,15.6,16.2
CA,Concord,616000,122067,"[37.9721810307, -122.001588036]",11.9,11.8,11.7,12.2,11.6,12.1
CA,Corona,616350,152374,"[33.8623571787, -117.564224471]",12.1,11.7,11.9,12.3,11.5,11.9
CA,Costa Mesa,616532,109960,"[33.6667651353, -117.91350475]",12.2,11.8,11.9,12.5,11.6,12.1
CA,Daly City,617918,101123,"[37.6861552276, -122.468298024]",9.0,9.1,8.8,9.2,8.9,9.3
CA,Downey,619766,111772,"[33.937867256, -118.131150116]",12.2,12.1,11.9,12.5,11.8,12.3
CA,El Cajon,621712,99478,"[32.8016581921, -116.960483614]",14.5,14.4,14.2,14.7,14.1,14.6
CA,Elk Grove,622020,153015,"[38.4159992006, -121.384137762]",11.0,10.7,10.8,11.2,10.5,10.8
CA,El Monte,622230,113475,"[34.073919653, -118.029071951]",14.5,14.2,14.2,14.8,13.9,14.4
CA,Escondido,622804,143911,"[33.1346952955, -117.072122618]",13.7,13.5,13.4,13.9,13.3,13.7
CA,Fairfield,623182,105321,"[38.2558446343, -122.039303253]",12.3,12.1,12.2,12.5,12.0,12.3
CA,Folsom,624638,72203,"[38.6750494328, -121.147605753]",9.9,9.6,9.5,10.2,9.3,9.9
CA,Fontana,624680,196069,"[34.0974227833, -117.459241285]",13.7,13.1,13.5,13.9,12.9,13.3
CA,Fremont,626000,214089,"[37.5278685405, -121.984121512]",8.4,8.2,8.2,8.5,8.1,8.4
CA,Fresno,627000,494665,"[36.7826786711, -119.794126569]",14.8,14.5,14.7,14.9,14.4,14.6
CA,Fullerton,628000,135161,"[33.8840378013, -117.927850895]",11.2,11.1,11.0,11.5,10.9,11.4
CA,Garden Grove,629000,170883,"[33.7786940635, -117.960111162]",12.2,12.0,12.0,12.3,11.8,12.2
CA,Glendale,630000,191719,"[34.181889373, -118.24676666]",11.9,12.1,11.7,12.1,11.8,12.3
CA,Hawthorne,632548,84293,"[33.914667701, -118.347667728]",14.2,13.6,13.8,14.5,13.3,13.9
CA,Hayward,633000,144186,"[37.6329591551, -122.077051051]",11.8,11.6,11.6,11.9,11.4,11.7
CA,Hemet,633182,78657,"[33.7352277311, -116.994605005]",14.4,15.5,14.1,14.6,15.3,15.8
CA,Hesperia,633434,90173,"[34.3973476773, -117.314392219]",15.1,14.8,14.8,15.4,14.5,15.1
CA,Huntington Beach,636000,189992,"[33.6952749077, -118.001810806]",10.5,10.6,10.3,10.7,10.4,10.8
CA,Indio,636448,76036,"[33.7298067837, -116.237258141]",13.9,14.0,13.6,14.4,13.6,14.4
CA,Inglewood,636546,109673,"[33.9565748018, -118.344444926]",14.8,14.4,14.4,15.0,14.1,14.7
CA,Irvine,636770,212375,"[33.6780108904, -117.773633283]",8.9,8.6,8.7,9.1,8.4,8.8
CA,Lake Forest,639496,77264,"[33.6634128948, -117.670683341]",10.2,10.0,10.0,10.5,9.7,10.2
CA,Lakewood,639892,80048,"[33.8470531941, -118.122204765]",11.1,11.0,10.9,11.3,10.8,11.2
CA,Lancaster,640130,156633,"[34.6934347017, -118.175306356]",14.7,14.3,14.5,14.9,14.1,14.5
CA,Livermore,641992,80968,"[37.6865101361, -121.764357841]",10.6,10.4,10.3,10.9,10.1,10.7
CA,Long Beach,643000,462257,"[33.8060144825, -118.160894146]",13.1,12.8,13.0,13.2,12.7,12.9
CA,Los Angeles,644000,3792621,"[34.1182277898, -118.408500088]",13.2,13.0,13.2,13.3,12.9,13.0
CA,Lynwood,644574,69772,"[33.9239616867, -118.201648375]",16.8,16.1,16.3,17.4,15.6,16.5
CA,Manteca,645484,67096,"[37.7961925102, -121.231230612]",13.3,13.1,13.0,13.6,12.8,13.3
CA,Menifee,646842,77519,"[33.6909533045, -117.18487699]",12.0,12.6,11.8,12.3,12.4,12.8
CA,Merced,646898,78958,"[37.3055863217, -120.477710571]",15.4,15.1,15.0,15.7,14.8,15.4
CA,Milpitas,647766,66790,"[37.433869763, -121.892083025]",8.6,8.3,8.3,8.8,8.1,8.6
CA,Mission Viejo,648256,93305,"[33.6095976891, -117.655029608]",9.8,9.9,9.5,10.0,9.7,10.1
CA,Modesto,648354,201165,"[37.6615478221, -120.988548061]",14.1,14.0,13.9,14.3,13.8,14.2
CA,Moreno Valley,649270,193365,"[33.9244314112, -117.204501895]",14.6,14.0,14.4,14.7,13.8,14.1
CA,Mountain View,649670,74066,"[37.3999252379, -122.079544343]",8.5,8.3,8.3,8.7,8.1,8.5
CA,Murrieta,650076,103466,"[33.5719743356, -117.190921143]",11.6,11.4,11.3,11.9,11.1,11.7
CA,Napa,650258,76915,"[38.2980424649, -122.301093331]",12.1,12.2,11.8,12.4,11.9,12.5
CA,Newport Beach,651182,85186,"[33.6150103607, -117.867364631]",8.6,8.9,8.3,8.9,8.7,9.2
CA,Norwalk,652526,105549,"[33.9068808228, -118.082915204]",12.6,12.4,12.3,12.8,12.1,12.6
CA,Oakland,653000,390724,"[37.790878035, -122.214859257]",12.3,12.2,12.2,12.4,12.1,12.3
CA,Oceanside,653322,167086,"[33.2247457474, -117.308200285]",12.0,12.0,11.8,12.2,11.8,12.2
CA,Ontario,653896,163924,"[34.0392649464, -117.606427103]",13.9,13.4,13.7,14.2,13.2,13.6
CA,Orange,653980,136416,"[33.8046419567, -117.8231855]",11.7,11.5,11.4,11.9,11.3,11.7
CA,Oxnard,654652,197899,"[34.1959237731, -119.18187657]",14.0,13.6,13.7,14.2,13.3,13.8
CA,Palmdale,655156,152750,"[34.5944899803, -118.105772328]",15.0,14.5,14.8,15.3,14.3,14.7
CA,Pasadena,656000,137122,"[34.1597634806, -118.138921644]",10.5,10.5,10.3,10.7,10.4,10.7
CA,Perris,656700,68386,"[33.7897346094, -117.223291831]",15.8,15.1,15.3,16.3,14.6,15.5
CA,Pleasanton,657792,70285,"[37.6656092171, -121.880775002]",8.7,8.6,8.4,9.0,8.3,8.8
CA,Pomona,658072,149058,"[34.0585026366, -117.762551658]",14.3,13.8,14.0,14.5,13.6,14.1
CA,Rancho Cucamonga,659451,165269,"[34.1245895555, -117.56617587]",11.0,10.7,10.8,11.2,10.5,10.8
CA,Redding,659920,89861,"[40.5697591271, -122.365026322]",13.2,13.6,12.9,13.5,13.4,14.0
CA,Redlands,659962,68747,"[34.0511315317, -117.170935294]",11.2,11.3,10.9,11.6,11.0,11.6
CA,Redondo Beach,660018,66748,"[33.8575280159, -118.376567893]",9.2,9.0,8.9,9.5,8.7,9.2
CA,Redwood City,660102,76815,"[37.5009145276, -122.224767617]",10.8,10.6,10.5,11.1,10.4,10.9
CA,Rialto,660466,99171,"[34.1128158089, -117.388535978]",14.6,14.2,14.4,14.9,13.9,14.4
CA,Richmond,660620,103701,"[37.9479710365, -122.336803759]",13.3,13.1,13.1,13.6,12.9,13.4
CA,Riverside,662000,303871,"[33.9381251685, -117.394845824]",13.5,13.2,13.4,13.7,13.1,13.4
CA,Roseville,662938,118788,"[38.7657516182, -121.302847708]",10.8,10.9,10.6,11.1,10.7,11.2
CA,Sacramento,664000,466488,"[38.5666321567, -121.468299801]",13.1,13.0,13.0,13.3,12.9,13.1
CA,Salinas,664224,150441,"[36.6889174321, -121.631811961]",15.2,14.7,14.9,15.5,14.4,14.9
CA,San Bernardino,665000,209924,"[34.1392322844, -117.295272732]",16.4,16.0,16.2,16.6,15.8,16.2
CA,San Buenaventura (Ventura),665042,106433,"[34.2743610206, -119.231436551]",11.4,11.5,11.2,11.7,11.3,11.8
CA,San Diego,666000,1307402,"[32.8355639418, -117.119792061]",10.9,10.7,10.9,11.0,10.7,10.8
CA,San Francisco,667000,805235,"[37.7559136611, -122.440987876]",9.8,9.8,9.7,9.9,9.7,9.8
CA,San Jose,668000,945942,"[37.3003963176, -121.847228423]",10.4,10.2,10.3,10.5,10.1,10.2
CA,San Leandro,668084,84950,"[37.7074299262, -122.159061655]",10.9,11.0,10.7,11.1,10.8,11.2
CA,San Marcos,668196,83781,"[33.134965986, -117.174363098]",12.1,11.9,11.7,12.4,11.6,12.3
CA,San Mateo,668252,97207,"[37.5518226893, -122.312390346]",9.7,9.8,9.5,9.9,9.6,10.0
CA,San Ramon,668378,72148,"[37.7623705462, -121.938150371]",8.1,7.9,7.9,8.4,7.6,8.1
CA,Santa Ana,669000,324528,"[33.7366948419, -117.881890237]",15.2,14.6,15.0,15.4,14.4,14.7
CA,Santa Barbara,669070,88410,"[34.4285733874, -119.720187334]",11.0,11.1,10.7,11.3,10.8,11.3
CA,Santa Clara,669084,116468,"[37.3646197504, -121.967932117]",8.9,8.7,8.7,9.1,8.5,8.9
CA,Santa Clarita,669088,176320,"[34.4119039185, -118.503504698]",11.3,11.1,11.1,11.5,10.9,11.3
CA,Santa Maria,669196,99553,"[34.9333735757, -120.443326954]",15.3,15.0,14.9,15.7,14.7,15.4
CA,Santa Monica,670000,89736,"[34.0231891612, -118.481563937]",9.3,9.4,9.1,9.6,9.1,9.7
CA,Santa Rosa,670098,167815,"[38.4464423102, -122.706005935]",12.1,12.2,11.8,12.3,12.0,12.4
CA,Simi Valley,672016,124237,"[34.2662462857, -118.748980462]",11.0,10.8,10.8,11.2,10.6,11.0
CA,South Gate,673080,94396,"[33.9447322664, -118.192550525]",15.6,15.0,15.2,16.0,14.6,15.4
CA,Stockton,675000,291707,"[37.9766322679, -121.311121669]",14.0,13.8,13.8,14.1,13.7,14.0
CA,Sunnyvale,677000,140081,"[37.3834416566, -122.025624324]",8.2,8.1,8.0,8.4,7.9,8.3
CA,Temecula,678120,100097,"[33.5029980884, -117.12239028]",11.4,11.0,11.2,11.7,10.8,11.3
CA,Thousand Oaks,678582,126683,"[34.1917745655, -118.874888411]",9.8,9.9,9.5,10.0,9.7,10.2
CA,Torrance,680000,145438,"[33.8345985464, -118.341641983]",9.0,9.1,8.8,9.1,8.9,9.3
CA,Tracy,680238,82922,"[37.7243277375, -121.444621463]",12.1,11.7,11.8,12.4,11.4,11.9
CA,Turlock,680812,68549,"[37.5052158271, -120.858762412]",13.3,13.3,13.0,13.7,13.0,13.6
CA,Tustin,680854,75540,"[33.7308520326, -117.810730968]",11.4,11.0,11.1,11.7,10.7,11.3
CA,Union City,681204,69516,"[37.6028390812, -122.018966106]",9.4,9.3,9.1,9.6,9.1,9.5
CA,Upland,681344,73732,"[34.1178445701, -117.660290062]",11.8,11.7,11.5,12.0,11.5,12.0
CA,Vacaville,681554,92428,"[38.3597235063, -121.96903046]",11.9,11.7,11.6,12.2,11.5,12.0
CA,Vallejo,681666,115942,"[38.1135329247, -122.235518478]",12.0,12.0,11.9,12.2,11.9,12.2
CA,Victorville,682590,115903,"[34.5277691103, -117.353855136]",15.0,14.6,14.7,15.3,14.3,14.9
CA,Visalia,682954,124442,"[36.3270623157, -119.325273214]",13.3,13.2,13.0,13.6,12.9,13.5
CA,Vista,682996,93834,"[33.1895481978, -117.238607217]",13.5,13.2,13.2,13.8,13.0,13.5
CA,West Covina,684200,106098,"[34.0554415174, -117.91128206]",10.6,10.6,10.4,10.8,10.4,10.8
CA,Westminster,684550,89701,"[33.7521523769, -117.993760054]",11.6,11.7,11.4,11.8,11.5,12.0
CA,Whittier,685292,85331,"[33.9678255596, -118.018796341]",11.6,11.5,11.3,11.8,11.3,11.8
CO,Arvada,803455,106433,"[39.8308263293, -105.146327974]",10.0,10.1,9.8,10.2,9.9,10.4
CO,Aurora,804000,325078,"[39.7091594781, -104.726526621]",11.9,11.6,11.7,12.0,11.4,11.7
CO,Boulder,807850,97385,"[40.0275510494, -105.25151776]",10.1,9.3,9.7,10.5,9.0,9.6
CO,Centennial,812815,100377,"[39.592872073, -104.867986891]",8.7,8.7,8.5,8.9,8.5,8.9
CO,Colorado Springs,816000,416427,"[38.8672748077, -104.760664479]",11.0,10.8,10.8,11.1,10.7,10.9
CO,Denver,820000,600158,"[39.7620283743, -104.876365322]",10.9,10.7,10.8,11.0,10.6,10.8
CO,Fort Collins,827425,143986,"[40.5487758924, -105.065904872]",11.0,10.4,10.7,11.2,10.1,10.6
CO,Greeley,832155,92889,"[40.4141369521, -104.771170982]",12.4,12.2,12.1,12.7,11.9,12.4
CO,Lakewood,843000,142980,"[39.6976734462, -105.116965444]",10.4,10.5,10.2,10.6,10.3,10.7
CO,Longmont,845970,86270,"[40.1695164708, -105.10195106]",10.6,10.5,10.3,10.9,10.2,10.8
CO,Loveland,846465,66859,"[40.4165693758, -105.061758435]",10.5,10.6,10.1,10.8,10.3,11.0
CO,Pueblo,862000,106595,"[38.2733957251, -104.612001218]",12.5,12.8,12.3,12.7,12.6,13.0
CO,Thornton,877290,118772,"[39.9193994188, -104.944956758]",11.2,10.8,11.0,11.5,10.6,11.0
CO,Westminster,883835,106114,"[39.8838511475, -105.062645316]",10.3,10.0,10.1,10.5,9.8,10.2
CT,Bridgeport,908000,144229,"[41.1928054233, -73.196054694]",15.2,14.9,15.0,15.4,14.7,15.1
CT,Danbury,918430,80893,"[41.4015898606, -73.470938682]",12.9,12.7,12.5,13.2,12.3,13.0
CT,Hartford,937000,124775,"[41.7660706419, -72.6834012389]",16.9,16.5,16.6,17.1,16.2,16.7
CT,New Britain,950370,73206,"[41.675922654, -72.7861630705]",15.0,14.9,14.7,15.3,14.6,15.2
CT,New Haven,952000,129779,"[41.3113869392, -72.9247595793]",14.8,14.5,14.5,15.1,14.3,14.8
CT,Norwalk,955990,85603,"[41.1175631682, -73.4224513123]",11.2,11.2,11.0,11.5,10.9,11.5
CT,Stamford,973000,122643,"[41.1049145013, -73.5589363142]",10.9,10.9,10.6,11.1,10.6,11.1
CT,Waterbury,980000,110366,"[41.5582443266, -73.036129832]",16.0,16.0,15.7,16.2,15.8,16.2
DE,Wilmington,1077580,70851,"[39.7412748227, -75.5418960925]",14.3,14.2,14.0,14.6,13.9,14.5
DC,Washington,1150000,601723,"[38.9099241426, -77.0147205666]",11.3,11.2,11.2,11.4,11.0,11.3
FL,Boca Raton,1207300,84392,"[26.3749012715, -80.1078208861]",10.6,11.2,10.3,10.8,10.9,11.4
FL,Boynton Beach,1207875,68217,"[26.5279818052, -80.0814660417]",13.0,13.8,12.7,13.3,13.5,14.1
FL,Cape Coral,1210275,154305,"[26.6448544993, -81.9931108298]",13.0,13.4,12.7,13.2,13.1,13.6
FL,Clearwater,1212875,107685,"[27.9805997919, -82.7544099135]",13.3,14.0,13.0,13.5,13.7,14.2
FL,Coral Springs,1214400,121096,"[26.2701700158, -80.2592221493]",12.6,12.2,12.3,12.8,12.0,12.4
FL,Davie,1216475,91992,"[26.0789340778, -80.2869750311]",12.4,12.2,12.1,12.7,11.9,12.5
FL,Deerfield Beach,1216725,75018,"[26.3049966413, -80.1277706584]",14.0,14.8,13.7,14.3,14.5,15.2
FL,Deltona,1217200,85182,"[28.905060048, -81.2134269839]",14.6,14.6,14.3,14.8,14.3,14.9
FL,Fort Lauderdale,1224000,165521,"[26.1418205174, -80.1471225502]",13.5,13.7,13.3,13.7,13.5,14.0
FL,Gainesville,1225175,124354,"[29.6817027431, -82.345278266]",14.9,14.0,14.5,15.3,13.7,14.3
FL,Hialeah,1230000,224669,"[25.869626948, -80.3045294666]",14.8,15.3,14.5,15.0,15.1,15.6
FL,Hollywood,1232000,140768,"[26.0287025703, -80.1683976059]",13.5,13.7,13.3,13.7,13.5,13.9
FL,Jacksonville,1235000,821784,"[30.3319820139, -81.6752266207]",14.4,14.2,14.3,14.5,14.1,14.3
FL,Lakeland,1238250,97422,"[28.0558482664, -81.9539536462]",14.2,15.1,14.0,14.5,14.8,15.3
FL,Largo,1239425,77648,"[27.9090907734, -82.7714203383]",13.4,14.6,13.1,13.6,14.3,14.8
FL,Lauderhill,1239550,66887,"[26.1605584187, -80.2241278263]",15.9,16.0,15.4,16.4,15.5,16.5
FL,Melbourne,1243975,76068,"[28.1158805782, -80.6508814613]",13.2,13.8,12.9,13.5,13.5,14.2
FL,Miami,1245000,399457,"[25.782295897, -80.2215647762]",14.7,15.0,14.5,14.9,14.8,15.1
FL,Miami Beach,1245025,87779,"[25.8167101614, -80.1341952652]",11.8,11.9,11.5,12.0,11.6,12.2
FL,Miami Gardens,1245060,107167,"[25.9432633871, -80.2425332162]",16.0,15.8,15.6,16.3,15.5,16.2
FL,Miramar,1245975,122041,"[25.9773288233, -80.3357316003]",12.4,11.9,12.1,12.7,11.6,12.1
FL,Orlando,1253000,238300,"[28.4800646771, -81.3452411179]",14.0,13.6,13.8,14.1,13.4,13.8
FL,Palm Bay,1254000,103190,"[27.9838255249, -80.6666722846]",14.5,14.8,14.2,14.8,14.4,15.1
FL,Palm Coast,1254200,75180,"[29.5405590976, -81.2508206143]",12.9,13.9,12.6,13.2,13.6,14.3
FL,Pembroke Pines,1255775,154750,"[26.0127387534, -80.3384522664]",11.4,11.5,11.1,11.6,11.3,11.7
FL,Plantation,1257425,84955,"[26.1259853923, -80.2616762465]",11.6,11.6,11.3,11.8,11.3,11.9
FL,Pompano Beach,1258050,99845,"[26.2428335699, -80.131245161]",14.7,15.4,14.4,15.0,15.1,15.7
FL,Port St. Lucie,1258715,164603,"[27.2808680308, -80.3832154574]",13.7,14.1,13.4,14.1,13.7,14.4
FL,St. Petersburg,1263000,244769,"[27.792894971, -82.6650743239]",13.4,13.7,13.2,13.6,13.5,13.8
FL,Sunrise,1269700,84439,"[26.1546878303, -80.299841102]",13.1,13.3,12.8,13.4,13.0,13.6
FL,Tallahassee,1270600,181376,"[30.4548951211, -84.2526459938]",15.0,13.4,14.7,15.3,13.2,13.6
FL,Tampa,1271000,335709,"[27.996198041, -82.4450349799]",14.1,13.9,14.0,14.3,13.7,14.0
FL,West Palm Beach,1276600,99919,"[26.7478714655, -80.1337397544]",13.4,13.7,13.1,13.7,13.4,13.9
GA,Albany,1301052,77434,"[31.5776036766, -84.1763240815]",15.7,15.6,15.3,16.1,15.2,16.0
GA,Athens,1303440,115452,"[33.9508170683, -83.3689417445]",14.5,13.6,14.1,14.9,13.3,13.8
GA,Atlanta,1304000,420003,"[33.7626524683, -84.4231419055]",12.0,11.7,11.8,12.1,11.6,11.8
GA,Augusta,1304204,195844,"[33.3644561527, -82.0708396775]",14.1,14.0,13.9,14.3,13.8,14.2
GA,Columbus,1319000,189885,"[32.5099614852, -84.8770410586]",13.5,13.4,13.3,13.6,13.2,13.6
GA,Johns Creek,1342425,76728,"[34.0332991998, -84.2027195506]",8.4,8.0,8.1,8.7,7.8,8.3
GA,Macon,1349000,91351,"[32.8320417692, -83.6495823768]",16.0,16.1,15.7,16.3,15.8,16.4
GA,Roswell,1367284,88346,"[34.0391384583, -84.3512225277]",9.7,9.6,9.4,10.0,9.2,9.9
GA,Sandy Springs,1368516,93853,"[33.9366669867, -84.3703197084]",9.7,9.5,9.4,9.9,9.2,9.7
GA,Savannah,1369000,136286,"[32.0283615157, -81.1783435493]",13.7,13.6,13.5,13.9,13.4,13.8
GA,Warner Robins,1380508,66588,"[32.5985113609, -83.6530271267]",13.7,13.4,13.4,14.0,13.1,13.7
HI,Honolulu,15003,953207,"[21.4588039305, -157.973296737]",9.0,9.2,9.0,9.1,9.1,9.2
ID,Boise City,1608830,205671,"[43.5984343897, -116.230885189]",10.8,10.7,10.6,11.0,10.4,10.9
ID,Meridian,1652120,75092,"[43.6185195383, -116.39758487]",10.6,10.4,10.1,11.1,9.9,10.9
ID,Nampa,1656260,81557,"[43.5829315681, -116.564145085]",13.2,13.1,12.8,13.7,12.7,13.5
IL,Arlington Heights,1702154,75101,"[42.095623342, -87.9825627457]",8.6,8.9,8.4,8.9,8.7,9.2
IL,Aurora,1703012,197899,"[41.7637750837, -88.2900949057]",12.4,12.0,12.2,12.7,11.8,12.2
IL,Bloomington,1706613,76610,"[40.4756778366, -88.9700813515]",10.7,10.5,10.4,11.0,10.2,10.8
IL,Bolingbrook,1707133,73366,"[41.6911653908, -88.1011218035]",10.8,10.4,10.5,11.1,10.1,10.6
IL,Champaign,1712385,81055,"[40.1151051361, -88.2729845986]",12.3,10.9,11.8,12.8,10.6,11.2
IL,Chicago,1714000,2695598,"[41.8372950615, -87.6862308732]",12.2,12.0,12.2,12.3,12.0,12.1
IL,Cicero,1714351,83891,"[41.844539143, -87.7592873023]",14.3,13.8,13.9,14.7,13.4,14.1
IL,Decatur,1718823,76122,"[39.8555822645, -88.9336983421]",13.2,13.7,12.9,13.4,13.4,14.0
IL,Elgin,1723074,108188,"[42.0385402472, -88.3224947104]",12.1,11.8,11.8,12.3,11.5,12.0
IL,Evanston,1724582,74486,"[42.0463099649, -87.6940348773]",9.2,9.0,8.9,9.5,8.8,9.3
IL,Joliet,1738570,147433,"[41.5206390037, -88.1507097756]",12.5,12.2,12.3,12.7,12.0,12.4
IL,Naperville,1751622,141853,"[41.7482001145, -88.1657705099]",8.4,8.2,8.2,8.6,8.0,8.4
IL,Palatine,1757225,68557,"[42.1180663695, -88.042989882]",9.8,9.6,9.5,10.1,9.3,9.9
IL,Peoria,1759000,115007,"[40.7515684146, -89.615255458]",12.3,12.4,12.1,12.5,12.2,12.6
IL,Rockford,1765000,152871,"[42.2633180015, -89.0625958362]",13.6,13.8,13.4,13.8,13.7,14.0
IL,Schaumburg,1768003,74227,"[42.0305488755, -88.0838663543]",9.1,9.0,8.8,9.3,8.7,9.2
IL,Springfield,1772000,116250,"[39.7716473322, -89.6540780049]",11.9,12.0,11.6,12.1,11.8,12.3
IL,Waukegan,1779293,89078,"[42.3702955582, -87.8712595095]",13.9,13.5,13.6,14.2,13.2,13.7
IN,Bloomington,1805860,80405,"[39.1637458221, -86.5257124351]",14.7,12.8,14.1,15.3,12.5,13.2
IN,Carmel,1810342,79191,"[39.9658404613, -86.1461278461]",8.6,8.6,8.3,9.0,8.2,8.9
IN,Evansville,1822000,117429,"[37.9867158026, -87.538270731]",14.5,14.7,14.3,14.8,14.5,15.0
IN,Fishers,1823278,76794,"[39.9587635263, -85.969310702]",9.4,8.9,8.9,9.9,8.5,9.4
IN,Fort Wayne,1825000,253691,"[41.0884920417, -85.1435898792]",13.5,13.5,13.4,13.7,13.4,13.7
IN,Gary,1827000,80294,"[41.5904779239, -87.3472907397]",16.1,16.6,15.8,16.5,16.2,16.9
IN,Hammond,1831000,80830,"[41.6171442828, -87.4909551115]",15.1,15.0,14.8,15.4,14.7,15.3
IN,Indianapolis,1836003,820445,"[39.7771221075, -86.145782152]",14.2,14.0,14.1,14.3,13.9,14.1
IN,Lafayette,1840788,67140,"[40.3994285285, -86.8617007404]",14.1,13.9,13.7,14.4,13.6,14.3
IN,Muncie,1851876,70085,"[40.1987098324, -85.3942940148]",16.3,16.0,15.8,16.8,15.6,16.3
IN,South Bend,1871000,101168,"[41.6769914549, -86.2690372417]",14.8,14.9,14.6,15.0,14.7,15.1
IA,Cedar Rapids,1912000,126326,"[41.966729258, -91.6781679349]",10.6,10.7,10.4,10.9,10.4,10.9
IA,Davenport,1919000,99685,"[41.5557926876, -90.6051730163]",11.2,11.2,11.0,11.4,11.0,11.5
IA,Des Moines,1921000,203433,"[41.5741349525, -93.6165066086]",12.1,12.0,11.9,12.3,11.8,12.1
IA,Iowa City,1938595,67862,"[41.6558950332, -91.5308854927]",11.2,10.0,10.6,11.9,9.6,10.3
IA,Sioux City,1973335,82684,"[42.4963149039, -96.3913834837]",12.3,12.3,12.0,12.5,12.1,12.6
IA,Waterloo,1982425,68406,"[42.4919736932, -92.3521759342]",12.1,12.2,11.8,12.4,12.0,12.5
KS,Kansas City,2036000,145786,"[39.1234621409, -94.7441921112]",13.2,13.0,13.0,13.3,12.9,13.2
KS,Lawrence,2038900,87643,"[38.9599302924, -95.2628259088]",10.6,9.8,10.2,11.0,9.5,10.1
KS,Olathe,2052575,125872,"[38.884693021, -94.8192070197]",9.2,8.9,8.9,9.4,8.6,9.1
KS,Overland Park,2053775,173372,"[38.8872922575, -94.6872267067]",7.8,7.8,7.7,8.0,7.7,8.0
KS,Topeka,2071000,127473,"[39.0359549911, -95.6954155341]",11.5,11.7,11.3,11.6,11.5,11.8
KS,Wichita,2079000,382368,"[37.690561478, -97.3429366807]",11.0,10.9,10.9,11.1,10.8,11.0
KY,Lexington,2146027,295803,"[38.0423254022, -84.4587259608]",12.8,12.4,12.6,13.0,12.3,12.6
KY,Louisville,2148006,597337,"[38.1777689918, -85.6664099974]",13.6,13.6,13.5,13.7,13.5,13.7
LA,Baton Rouge,2205000,229493,"[30.4510891679, -91.1263551997]",14.9,14.7,14.6,15.1,14.5,14.9
LA,Kenner,2239475,66702,"[30.0106937201, -90.2550320135]",13.9,13.9,13.6,14.2,13.6,14.2
LA,Lafayette,2240735,120623,"[30.2120582815, -92.0317532321]",14.4,14.3,14.1,14.7,14.0,14.6
LA,Lake Charles,2241155,71993,"[30.2030679966, -93.2148796496]",15.2,15.4,14.9,15.6,15.1,15.7
LA,New Orleans,2255000,343829,"[30.0687009935, -89.9316317895]",14.5,14.3,14.3,14.6,14.1,14.4
LA,Shreveport,2270000,199311,"[32.4671618864, -93.7962236108]",15.2,15.3,15.0,15.5,15.1,15.6
ME,Portland,2360545,66194,"[43.6779836271, -70.2752544531]",11.8,11.7,11.5,12.2,11.4,12.1
MD,Baltimore,2404000,620961,"[39.3084523991, -76.6160492311]",13.7,13.6,13.5,13.8,13.4,13.7
MA,Boston,2507000,617594,"[42.3155796777, -71.0916505804]",13.7,13.4,13.5,13.8,13.2,13.5
MA,Brockton,2509000,93810,"[42.082071372, -71.0241656338]",16.7,16.6,16.4,16.9,16.4,16.9
MA,Cambridge,2511000,105162,"[42.3758188051, -71.1183992378]",10.5,10.1,10.3,10.8,9.9,10.4
MA,Fall River,2523000,88857,"[41.7139907598, -71.0996396919]",17.9,18.2,17.5,18.2,17.8,18.5
MA,Lawrence,2534550,76377,"[42.7002772201, -71.1626790341]",17.3,16.9,16.9,17.8,16.6,17.4
MA,Lowell,2537000,106519,"[42.6388727331, -71.321714396]",14.7,14.5,14.4,15.0,14.2,14.7
MA,Lynn,2537490,90329,"[42.4783322881, -70.9662372538]",15.4,15.3,15.2,15.7,15.1,15.6
MA,New Bedford,2545000,95072,"[41.6712667258, -70.9441204537]",18.0,18.3,17.7,18.3,18.0,18.6
MA,Newton,2545560,85146,"[42.3316567616, -71.2084466944]",9.0,9.2,8.7,9.3,8.9,9.5
MA,Quincy,2555745,92271,"[42.2492981918, -71.0218764062]",11.6,11.7,11.3,11.9,11.4,12.0
MA,Somerville,2562535,75754,"[42.3905738858, -71.1017450879]",11.9,11.6,11.5,12.4,11.2,11.9
MA,Springfield,2567000,153060,"[42.1154977999, -72.5395254143]",17.6,17.5,17.4,17.9,17.3,17.7
MA,Worcester,2582000,181045,"[42.2705425446, -71.8079404584]",14.8,14.7,14.6,15.1,14.5,14.9
MI,Ann Arbor,2603000,113934,"[42.2756833567, -83.7311374448]",10.9,9.6,10.5,11.3,9.4,9.9
MI,Dearborn,2621000,98153,"[42.3126884626, -83.2129368006]",15.0,15.1,14.6,15.4,14.7,15.5
MI,Detroit,2622000,713777,"[42.3847015631, -83.1053178776]",17.2,17.1,17.1,17.3,17.0,17.3
MI,Farmington Hills,2627440,79740,"[42.4859956992, -83.3771159714]",9.4,9.6,9.2,9.6,9.4,9.9
MI,Flint,2629000,102434,"[43.0236339386, -83.6920640313]",17.6,17.4,17.3,17.8,17.2,17.6
MI,Grand Rapids,2634000,188040,"[42.9614815414, -85.6556858473]",13.5,13.4,13.2,13.7,13.1,13.6
MI,Kalamazoo,2642160,74262,"[42.2748756474, -85.588188576]",14.9,14.3,14.4,15.3,14.0,14.6
MI,Lansing,2646000,114297,"[42.7090711751, -84.5584470022]",14.2,13.9,14.0,14.4,13.7,14.1
MI,Livonia,2649000,96942,"[42.3971592737, -83.3733073683]",10.5,10.9,10.2,10.7,10.7,11.2
MI,Rochester Hills,2669035,70995,"[42.6645256768, -83.1563037157]",9.3,9.4,9.0,9.6,9.1,9.7
MI,Southfield,2674900,71739,"[42.4765016267, -83.2605284738]",11.2,11.6,10.9,11.4,11.3,11.8
MI,Sterling Heights,2676460,129699,"[42.580985283, -83.0303680858]",12.1,12.3,11.8,12.3,12.0,12.6
MI,Troy,2680700,80980,"[42.5817340358, -83.1457545154]",8.9,9.0,8.7,9.2,8.8,9.3
MI,Warren,2684000,134056,"[42.4934233034, -83.0270075248]",13.7,14.1,13.5,13.9,13.9,14.3
MI,Westland,2686000,84094,"[42.3192220455, -83.3805461719]",13.5,13.6,13.2,13.7,13.3,13.9
MI,Wyoming,2688940,72125,"[42.8909745661, -85.7067229249]",13.5,13.1,13.1,13.8,12.8,13.5
MN,Bloomington,2706616,82893,"[44.8305852429, -93.3150995817]",8.5,8.9,8.3,8.7,8.6,9.1
MN,Brooklyn Park,2707966,75781,"[45.1112033916, -93.3505067942]",10.0,9.6,9.7,10.2,9.4,9.9
MN,Duluth,2717000,86265,"[46.7854703427, -92.1342013763]",11.1,11.2,10.8,11.4,10.9,11.4
MN,Minneapolis,2743000,382578,"[44.9635407967, -93.2678345304]",10.5,10.0,10.4,10.7,9.9,10.1
MN,Plymouth,2751730,70576,"[45.022462874, -93.4616016242]",7.6,7.6,7.4,7.9,7.3,7.9
MN,Rochester,2754880,106769,"[44.0150574384, -92.4775005494]",8.9,8.9,8.7,9.1,8.7,9.1
MN,St. Paul,2758000,285068,"[44.9477402558, -93.1039958305]",10.8,10.6,10.7,11.0,10.4,10.7
MS,Gulfport,2829700,67793,"[30.427377008, -89.0701908439]",15.3,15.2,14.9,15.6,14.8,15.5
MS,Jackson,2836000,173514,"[32.31627222, -90.2124528561]",15.3,15.0,15.0,15.6,14.8,15.3
MO,Columbia,2915670,108500,"[38.9481109651, -92.3260129764]",13.4,12.3,12.9,14.0,12.0,12.7
MO,Independence,2935000,116830,"[39.0870794771, -94.3502748237]",14.2,14.6,13.9,14.4,14.3,14.8
MO,Kansas City,2938000,459787,"[39.1239413971, -94.5541236795]",13.6,13.5,13.5,13.7,13.4,13.6
MO,Lee's Summit,2941348,91364,"[38.9170508128, -94.3814865856]",11.0,10.9,10.6,11.3,10.6,11.2
MO,O'Fallon,2954074,79329,"[38.7852244161, -90.7176856736]",11.7,11.5,11.4,12.1,11.1,11.8
MO,St. Joseph,2964550,76780,"[39.7598312179, -94.8209246813]",14.3,14.5,14.0,14.6,14.1,14.8
MO,St. Louis,2965000,319294,"[38.6358122615, -90.2451186799]",14.9,14.7,14.7,15.1,14.6,14.9
MO,Springfield,2970000,159498,"[37.1942661484, -93.2914273656]",14.8,14.8,14.5,15.0,14.6,15.1
MT,Billings,3006550,104170,"[45.7893102609, -108.54882784]",11.3,11.5,11.0,11.5,11.2,11.8
MT,Missoula,3050200,66788,"[46.8694402455, -114.009863843]",11.2,11.0,10.7,11.7,10.6,11.4
NE,Lincoln,3128000,258379,"[40.8096195695, -96.6806742049]",9.8,9.6,9.6,10.0,9.4,9.7
NE,Omaha,3137000,408958,"[41.2642309111, -96.0415076441]",10.5,10.4,10.4,10.6,10.3,10.5
NV,Henderson,3231900,257729,"[36.0122394916, -115.037392161]",11.2,11.4,11.1,11.4,11.2,11.5
NV,Las Vegas,3240000,583756,"[36.2274148438, -115.262670095]",13.3,13.2,13.2,13.4,13.1,13.3
NV,North Las Vegas,3251800,216961,"[36.2891993562, -115.088496088]",14.5,14.0,14.3,14.7,13.8,14.1
NV,Reno,3260600,225221,"[39.5540171998, -119.852733516]",13.3,13.2,13.1,13.5,13.0,13.3
NV,Sparks,3268400,90264,"[39.573373276, -119.713134168]",13.4,13.2,13.1,13.6,13.0,13.5
NH,Manchester,3345140,109565,"[42.9844541713, -71.4445313287]",13.1,13.0,12.8,13.4,12.7,13.3
NH,Nashua,3350260,86494,"[42.7491554459, -71.4909587631]",11.8,11.8,11.4,12.1,11.4,12.1
NJ,Camden,3410000,77344,"[39.9361910066, -75.1072961899]",17.8,17.3,17.5,18.2,17.0,17.6
NJ,Clifton,3413690,84136,"[40.8631217425, -74.1575145342]",11.2,11.3,10.9,11.4,11.0,11.5
NJ,Elizabeth,3421000,124969,"[40.6664447729, -74.1938679138]",14.5,14.1,14.3,14.7,13.9,14.4
NJ,Jersey City,3436000,247597,"[40.7188130852, -74.0687740635]",11.5,11.3,11.4,11.7,11.2,11.5
NJ,Newark,3451000,277140,"[40.7260693449, -74.1752997118]",15.6,15.2,15.4,15.8,15.0,15.3
NJ,Passaic,3456550,69781,"[40.8574581109, -74.1281123174]",16.0,15.5,15.5,16.5,15.1,16.0
NJ,Paterson,3457000,146199,"[40.9146874977, -74.1624181271]",15.8,15.5,15.6,16.0,15.2,15.7
NJ,Trenton,3474000,84913,"[40.2237289981, -74.7639943311]",16.7,16.2,16.4,16.9,16.0,16.5
NJ,Union City,3474630,66455,"[40.7674606884, -74.032293507]",14.3,14.1,13.9,14.7,13.6,14.5
NM,Albuquerque,3502000,545852,"[35.1055025771, -106.647447696]",12.0,11.9,11.8,12.1,11.8,12.0
NM,Las Cruces,3539380,97618,"[32.326638797, -106.789465579]",12.4,12.5,12.1,12.7,12.2,12.8
NM,Rio Rancho,3563460,87521,"[35.287307935, -106.697981552]",11.2,11.1,10.9,11.5,10.8,11.3
NM,Santa Fe,3570500,67947,"[35.6662719601, -105.972662995]",10.6,11.0,10.3,10.8,10.7,11.3
NY,Albany,3601000,97856,"[42.6663969604, -73.7986826267]",13.6,13.6,13.3,13.9,13.3,13.8
NY,Buffalo,3611000,261310,"[42.9014518233, -78.8475237264]",15.5,15.5,15.4,15.7,15.3,15.6
NY,Mount Vernon,3649121,67292,"[40.9136008569, -73.8291001676]",13.1,13.2,12.8,13.4,12.9,13.5
NY,New Rochelle,3650617,77062,"[40.9321713141, -73.7843883178]",11.1,11.3,10.8,11.4,11.0,11.6
NY,New York,3651000,8175133,"[40.694960689, -73.9313850409]",12.8,12.7,12.8,12.8,12.7,12.8
NY,Rochester,3663000,210565,"[43.1679802918, -77.6162348882]",16.4,16.0,16.2,16.5,15.9,16.2
NY,Schenectady,3665508,66135,"[42.8025204414, -73.9275333869]",15.4,15.3,15.0,15.7,15.0,15.6
NY,Syracuse,3673000,145170,"[43.0409202097, -76.1437679213]",16.6,16.2,16.3,16.8,16.0,16.5
NY,Yonkers,3684000,195976,"[40.9465025597, -73.8636959965]",12.3,12.6,12.2,12.5,12.4,12.7
NC,Asheville,3702140,83393,"[35.5708251391, -82.5537350816]",11.5,11.7,11.2,11.8,11.5,12.0
NC,Cary,3710740,135234,"[35.7814978722, -78.8152191642]",8.9,8.7,8.7,9.2,8.5,8.9
NC,Charlotte,3712000,731424,"[35.2078721969, -80.8300754645]",11.9,11.5,11.8,12.0,11.4,11.6
NC,Concord,3714100,79066,"[35.3939316958, -80.6352429349]",12.6,12.5,12.3,12.9,12.2,12.8
NC,Durham,3719000,228330,"[35.9809147402, -78.9059161097]",12.2,11.8,12.0,12.4,11.6,12.0
NC,Fayetteville,3722920,200564,"[35.0851309527, -78.9791676456]",13.1,12.9,12.9,13.3,12.7,13.0
NC,Gastonia,3725580,71741,"[35.2472984431, -81.1836588468]",14.2,14.3,13.9,14.4,14.1,14.6
NC,Greensboro,3728000,269666,"[36.0960480415, -79.8276833061]",12.7,12.5,12.5,12.9,12.4,12.7
NC,Greenville,3728080,84554,"[35.5959211876, -77.3766133673]",13.8,13.2,13.3,14.2,12.8,13.5
NC,High Point,3731400,104371,"[35.9881243803, -79.9932956384]",13.5,13.5,13.3,13.8,13.2,13.8
NC,Jacksonville,3734200,70145,"[34.7331103037, -77.3951822819]",13.3,12.8,12.9,13.7,12.5,13.1
NC,Raleigh,3755000,403892,"[35.8322080933, -78.6440243809]",11.4,10.9,11.2,11.6,10.8,11.1
NC,Wilmington,3774440,106476,"[34.2102758569, -77.8872842368]",12.9,12.8,12.5,13.2,12.5,13.1
NC,Winston-Salem,3775000,229617,"[36.1029453039, -80.2609889241]",13.2,13.2,13.0,13.4,13.0,13.4
ND,Fargo,3825700,105549,"[46.8652457832, -96.8289882328]",9.5,9.2,9.2,9.8,9.0,9.5
OH,Akron,3901000,199110,"[41.0801444942, -81.5219213688]",15.1,15.1,14.9,15.3,14.9,15.3
OH,Canton,3912000,73007,"[40.8080192662, -81.3676594998]",16.2,16.3,15.8,16.5,15.9,16.6
OH,Cincinnati,3915000,296943,"[39.1411747124, -84.5060004524]",14.0,13.8,13.9,14.2,13.7,14.0
OH,Cleveland,3916000,396815,"[41.4765345821, -81.6805494865]",16.7,16.6,16.6,16.8,16.5,16.8
OH,Columbus,3918000,787033,"[39.9859500484, -82.9851738516]",13.6,13.2,13.5,13.7,13.1,13.3
OH,Dayton,3921000,141527,"[39.779768039, -84.1997930517]",16.7,16.6,16.5,17.0,16.4,16.9
OH,Parma,3961000,81601,"[41.3842399838, -81.728599153]",12.4,12.9,12.2,12.6,12.6,13.1
OH,Toledo,3977000,287208,"[41.6637399604, -83.5823818449]",15.4,15.4,15.3,15.6,15.3,15.6
OH,Youngstown,3988000,66982,"[41.0993286607, -80.6463187081]",16.6,17.1,16.3,16.9,16.8,17.3
OK,Broken Arrow,4009050,98850,"[36.0366324911, -95.7809572414]",11.8,11.7,11.6,12.1,11.4,11.9
OK,Edmond,4023200,81405,"[35.6689350516, -97.4159205309]",10.7,10.6,10.4,11.0,10.3,10.9
OK,Lawton,4041850,96867,"[34.6170564899, -98.4203934803]",14.3,14.0,14.1,14.5,13.8,14.2
OK,Norman,4052500,110925,"[35.2335032647, -97.3470413838]",13.0,12.5,12.6,13.3,12.2,12.8
OK,Oklahoma City,4055000,579999,"[35.467564288, -97.5137615524]",13.5,13.4,13.4,13.6,13.3,13.5
OK,Tulsa,4075000,391906,"[36.1284213425, -95.9036195464]",13.6,13.7,13.5,13.8,13.5,13.8
OR,Beaverton,4105350,89803,"[45.4795765674, -122.814973469]",12.1,11.9,11.8,12.5,11.6,12.2
OR,Bend,4105800,76639,"[44.0561827184, -121.308690416]",12.1,12.1,11.7,12.5,11.6,12.5
OR,Eugene,4123850,156185,"[44.0559363346, -123.117327584]",14.2,14.0,13.8,14.5,13.7,14.2
OR,Gresham,4131250,105594,"[45.5024256798, -122.441469029]",15.0,14.8,14.7,15.3,14.6,15.1
OR,Hillsboro,4134100,91611,"[45.529027994, -122.937442209]",12.6,12.2,12.3,12.9,11.9,12.5
OR,Medford,4147000,74907,"[42.3371987584, -122.853625909]",15.1,15.6,14.7,15.5,15.2,16.0
OR,Portland,4159000,583776,"[45.537180654, -122.650032751]",12.6,12.4,12.5,12.8,12.3,12.5
OR,Salem,4164900,154637,"[44.923273154, -123.0248671]",14.1,14.0,13.8,14.3,13.8,14.3
PA,Allentown,4202000,118032,"[40.596099618, -75.4755373968]",15.2,15.2,14.9,15.4,14.9,15.4
PA,Bethlehem,4206088,74982,"[40.6266402578, -75.3679048175]",12.7,13.0,12.4,13.0,12.7,13.3
PA,Erie,4224000,101786,"[42.1164698754, -80.0730358517]",14.9,15.0,14.6,15.2,14.7,15.3
PA,Philadelphia,4260000,1526006,"[40.0093147808, -75.1333888571]",14.6,14.6,14.5,14.7,14.5,14.7
PA,Pittsburgh,4261000,305704,"[40.4396297486, -79.9762614995]",12.6,12.6,12.4,12.7,12.4,12.7
PA,Reading,4263624,88082,"[40.3399678686, -75.9266128837]",17.6,17.4,17.3,17.9,17.1,17.6
PA,Scranton,4269000,76089,"[41.4043729362, -75.6649126898]",13.9,14.2,13.5,14.3,13.9,14.6
RI,Cranston,4419180,80387,"[41.7658017135, -71.4861485002]",12.6,12.8,12.2,12.9,12.4,13.1
RI,Pawtucket,4454640,71148,"[41.8744534517, -71.3743580803]",15.7,15.7,15.4,16.0,15.4,16.0
RI,Providence,4459000,178042,"[41.823480533, -71.4218129335]",15.7,15.4,15.5,16.0,15.2,15.6
RI,Warwick,4474300,82672,"[41.7064727301, -71.4345615049]",12.4,12.8,12.1,12.8,12.5,13.1
SC,Charleston,4513330,120083,"[32.8136961892, -79.967381899]",12.2,12.0,11.9,12.6,11.7,12.3
SC,Columbia,4516000,129272,"[34.0366069566, -80.9037852694]",15.0,14.5,14.6,15.3,14.3,14.8
SC,Mount Pleasant,4548535,67843,"[32.8538274584, -79.8230343029]",10.0,10.0,9.5,10.5,9.5,10.5
SC,North Charleston,4550875,97471,"[32.9100915071, -80.0738525014]",15.6,15.2,15.3,15.9,14.9,15.4
SC,Rock Hill,4561405,66154,"[34.9403611496, -81.0249178286]",14.3,14.0,14.0,14.7,13.7,14.3
SD,Rapid City,4652980,67956,"[44.0705009564, -103.218361421]",10.1,10.3,9.8,10.3,10.0,10.5
SD,Sioux Falls,4659020,153888,"[43.5388067537, -96.7313495858]",9.4,9.3,9.2,9.6,9.1,9.5
TN,Chattanooga,4714000,167674,"[35.0662472165, -85.2466771892]",15.5,15.7,15.2,15.7,15.4,15.9
TN,Clarksville,4715160,132929,"[36.569683159, -87.3432371614]",15.1,14.5,14.8,15.3,14.3,14.7
TN,Knoxville,4740000,178874,"[35.9690594531, -83.9495877264]",15.8,15.7,15.5,16.1,15.4,15.9
TN,Memphis,4748000,646889,"[35.1046295042, -89.978906085]",16.7,16.4,16.5,16.8,16.3,16.6
TN,Murfreesboro,4751560,108755,"[35.850778195, -86.408628238]",14.2,13.6,13.8,14.6,13.3,13.9
TN,Nashville,4752006,601222,"[36.1712229904, -86.7845944773]",14.3,14.0,14.2,14.5,13.9,14.2
TX,Abilene,4801000,117063,"[32.4546510898, -99.7383043723]",12.4,12.4,12.2,12.7,12.2,12.6
TX,Allen,4801924,84246,"[33.1087043234, -96.6735373763]",9.0,8.6,8.6,9.3,8.3,8.9
TX,Amarillo,4803000,190695,"[35.2003835544, -101.828292514]",12.2,12.2,12.0,12.3,12.0,12.3
TX,Arlington,4804000,365438,"[32.699836862, -97.125089612]",11.8,11.5,11.7,12.0,11.3,11.6
TX,Austin,4805000,790390,"[30.3068610342, -97.7554771245]",10.5,10.0,10.4,10.6,9.9,10.1
TX,Baytown,4806128,71802,"[29.7571153043, -94.9676276217]",13.0,12.8,12.7,13.2,12.6,13.1
TX,Beaumont,4807000,118296,"[30.084416647, -94.1441072222]",12.6,12.6,12.4,12.8,12.4,12.8
TX,Brownsville,4810768,175023,"[25.9981977861, -97.4566343763]",13.9,13.7,13.6,14.1,13.5,14.0
TX,Bryan,4810912,76201,"[30.6665687582, -96.3663819223]",12.9,12.6,12.5,13.4,12.3,13.0
TX,Carrollton,4813024,119097,"[32.988438459, -96.900137433]",10.3,10.0,10.1,10.5,9.7,10.2
TX,College Station,4815976,93857,"[30.5867615801, -96.2957958614]",12.6,10.6,12.0,13.1,10.3,10.9
TX,Corpus Christi,4817000,305215,"[27.7291588337, -97.4019095379]",11.8,11.7,11.6,11.9,11.6,11.9
TX,Dallas,4819000,1197816,"[32.7939804066, -96.7656929463]",12.6,12.3,12.5,12.7,12.2,12.3
TX,Denton,4819972,113383,"[33.2156160443, -97.1412438684]",12.0,11.3,11.6,12.3,11.0,11.5
TX,Edinburg,4822660,77100,"[26.3155843974, -98.1637130371]",12.4,12.0,11.8,13.0,11.5,12.5
TX,El Paso,4824000,649121,"[31.8481123506, -106.432021874]",11.9,11.8,11.8,12.0,11.7,12.0
TX,Fort Worth,4827000,741206,"[32.780192804, -97.3470323225]",12.4,12.1,12.3,12.6,12.0,12.2
TX,Frisco,4827684,116989,"[33.1507545152, -96.8201336312]",8.5,8.1,8.3,8.8,7.9,8.3
TX,Garland,4829000,226876,"[32.9100799867, -96.6304258603]",12.2,11.9,12.0,12.3,11.8,12.1
TX,Grand Prairie,4830464,175396,"[32.6867650238, -97.0209311916]",11.7,11.3,11.5,11.8,11.1,11.4
TX,Houston,4835000,2099451,"[29.7806691396, -95.3860033966]",12.4,12.1,12.3,12.4,12.0,12.1
TX,Irving,4837000,216290,"[32.8583808131, -96.9703058323]",11.3,11.0,11.2,11.5,10.9,11.2
TX,Killeen,4839148,127921,"[31.0757648143, -97.7285651299]",12.5,11.8,12.3,12.7,11.7,12.0
TX,Laredo,4841464,236091,"[27.5482572475, -99.4867797312]",13.6,13.3,13.4,13.9,13.0,13.5
TX,League City,4841980,83560,"[29.4872995808, -95.1089858945]",9.6,9.2,9.2,10.0,8.9,9.6
TX,Lewisville,4842508,95290,"[33.0451992429, -96.9829273031]",10.8,10.4,10.6,11.0,10.2,10.6
TX,Longview,4843888,80455,"[32.5192857856, -94.762197598]",12.4,12.5,12.2,12.7,12.3,12.8
TX,Lubbock,4845000,229573,"[33.5666251178, -101.886335663]",12.3,12.0,12.1,12.5,11.8,12.2
TX,McAllen,4845384,129877,"[26.2186289942, -98.2451704536]",11.8,11.7,11.4,12.2,11.4,12.1
TX,McKinney,4845744,131117,"[33.1988886952, -96.6677029773]",9.8,9.5,9.6,10.1,9.3,9.7
TX,Mesquite,4847892,139824,"[32.7641310166, -96.5927445114]",12.5,12.2,12.3,12.7,12.0,12.4
TX,Midland,4848072,111147,"[32.0285948356, -102.109700973]",10.8,10.7,10.6,11.0,10.5,10.9
TX,Mission,4848768,77058,"[26.2033406464, -98.322770513]",12.2,12.2,11.8,12.5,11.7,12.5
TX,Missouri City,4848804,67358,"[29.563674661, -95.5382066661]",9.3,9.1,9.0,9.6,8.8,9.3
TX,Odessa,4853388,99940,"[31.879456461, -102.344465435]",12.0,11.9,11.7,12.2,11.6,12.1
TX,Pasadena,4856000,149043,"[29.6589511488, -95.1509173148]",13.1,12.8,12.9,13.4,12.6,13.0
TX,Pearland,4856348,91252,"[29.5584850577, -95.3208389111]",9.2,8.9,8.9,9.4,8.6,9.1
TX,Pharr,4857200,70400,"[26.168815399, -98.1904720704]",14.1,14.0,13.5,14.8,13.4,14.6
TX,Plano,4858016,259841,"[33.0502149278, -96.7486409797]",8.7,8.5,8.6,8.9,8.4,8.6
TX,Richardson,4861796,99223,"[32.9716582389, -96.7093052991]",8.9,8.9,8.7,9.1,8.6,9.1
TX,Round Rock,4863500,99887,"[30.5239578235, -97.6669801882]",10.5,10.0,10.3,10.8,9.8,10.2
TX,San Angelo,4864472,93200,"[31.440468746, -100.452243142]",11.7,11.9,11.5,12.0,11.6,12.1
TX,San Antonio,4865000,1327407,"[29.4721475333, -98.5246763525]",11.6,11.4,11.5,11.6,11.4,11.5
TX,Sugar Land,4870808,78817,"[29.5974680902, -95.627455775]",7.8,7.7,7.5,8.0,7.4,7.9
TX,Tyler,4874144,96900,"[32.3154021183, -95.3050093799]",12.2,12.5,12.0,12.5,12.2,12.7
TX,Waco,4876000,124805,"[31.5597607137, -97.1883333282]",13.9,13.6,13.6,14.2,13.4,13.8
TX,Wichita Falls,4879000,104553,"[33.9072739838, -98.5292981697]",11.8,11.9,11.6,12.1,11.7,12.1
UT,Layton,4943660,67311,"[41.077181614, -111.961589302]",11.0,10.6,10.7,11.3,10.4,10.9
UT,Ogden,4955980,82825,"[41.2281567535, -111.967450557]",13.6,13.4,13.3,13.9,13.1,13.6
UT,Orem,4957300,88328,"[40.2987127625, -111.699188517]",11.2,10.9,10.9,11.5,10.6,11.1
UT,Provo,4962470,112488,"[40.2457185288, -111.645715857]",13.5,11.7,13.0,14.0,11.5,12.0
UT,St. George,4965330,72897,"[37.0787444634, -113.579352503]",11.1,11.7,10.7,11.4,11.3,12.1
UT,Salt Lake City,4967000,186440,"[40.7778489465, -111.931220784]",11.6,11.3,11.4,11.8,11.1,11.4
UT,Sandy,4967440,87461,"[40.5702254423, -111.852431062]",10.2,10.0,10.0,10.5,9.8,10.3
UT,West Jordan,4982950,103712,"[40.6022598635, -112.000961848]",11.8,11.1,11.5,12.1,10.8,11.4
UT,West Valley City,4983470,129480,"[40.6887696962, -112.011667394]",13.8,13.3,13.6,14.1,13.1,13.6
VT,Burlington,5010675,42417,"[44.4876245694, -73.2314828365]",12.1,11.5,11.2,12.8,10.9,12.0
VA,Alexandria,5101000,139966,"[38.8187351557, -77.0867762661]",9.2,8.9,9.0,9.4,8.7,9.1
VA,Chesapeake,5116000,222209,"[36.6777521118, -76.3024325925]",11.1,11.0,11.0,11.3,10.8,11.2
VA,Hampton,5135000,137436,"[37.0533009025, -76.3665945624]",12.2,12.2,12.0,12.5,12.0,12.4
VA,Lynchburg,5147672,75568,"[37.4004163016, -79.1911081]",13.0,12.9,12.6,13.4,12.6,13.2
VA,Newport News,5156000,180719,"[37.1051141309, -76.5182644502]",12.5,12.3,12.3,12.7,12.2,12.5
VA,Norfolk,5157000,242803,"[36.8932863006, -76.2567157761]",12.5,12.3,12.2,12.8,12.1,12.5
VA,Portsmouth,5164000,95535,"[36.8451450228, -76.3552763467]",12.7,12.8,12.5,13.0,12.5,13.1
VA,Richmond,5167000,204214,"[37.5293933083, -77.475568168]",12.8,12.7,12.6,13.0,12.5,12.8
VA,Roanoke,5168000,97032,"[37.2782181855, -79.9581615989]",13.1,13.3,12.9,13.4,13.0,13.6
VA,Suffolk,5176432,84585,"[36.6930367981, -76.6414278469]",11.7,11.7,11.5,12.0,11.4,11.9
VA,Virginia Beach,5182000,437994,"[36.7534593339, -76.0589579522]",10.6,10.4,10.4,10.7,10.3,10.5
WA,Auburn,5303180,70180,"[47.3038544325, -122.210810557]",13.1,12.9,12.8,13.4,12.6,13.2
WA,Bellevue,5305210,122363,"[47.5962437606, -122.153569982]",8.2,8.2,8.0,8.4,8.0,8.4
WA,Bellingham,5305280,80885,"[48.7535370315, -122.468092906]",12.7,12.4,12.2,13.1,12.0,12.7
WA,Everett,5322640,103019,"[47.9497966189, -122.160703911]",13.1,12.8,12.8,13.3,12.6,13.1
WA,Federal Way,5323515,89306,"[47.3090846316, -122.335755583]",12.4,12.2,12.1,12.6,11.9,12.4
WA,Kennewick,5335275,73917,"[46.198438428, -119.173245847]",13.6,13.5,13.3,14.0,13.2,13.9
WA,Kent,5335415,92411,"[47.3849636272, -122.217890194]",13.1,12.7,12.8,13.3,12.5,13.0
WA,Renton,5357745,90927,"[47.4760546752, -122.191153327]",11.1,10.9,10.9,11.3,10.6,11.1
WA,Seattle,5363000,608660,"[47.622154338, -122.323532482]",10.0,9.7,9.9,10.1,9.6,9.8
WA,Spokane,5367000,208916,"[47.6736243259, -117.415973291]",13.4,13.4,13.2,13.7,13.2,13.6
WA,Spokane Valley,5367167,89755,"[47.662556574, -117.234571922]",12.7,12.8,12.4,13.0,12.6,13.1
WA,Tacoma,5370000,198397,"[47.2425411445, -122.45447391]",13.3,13.1,13.1,13.5,12.9,13.3
WA,Vancouver,5374060,161791,"[45.6357172365, -122.598539476]",12.8,12.8,12.6,13.0,12.6,13.0
WA,Yakima,5380010,91067,"[46.5925792092, -120.547807614]",14.8,15.0,14.5,15.1,14.6,15.3
WV,Charleston,5414600,51400,"[38.3484079736, -81.632165003]",14.2,14.5,13.8,14.5,14.1,14.9
WI,Appleton,5502375,72623,"[44.2776987457, -88.3897664444]",10.9,10.8,10.6,11.2,10.5,11.1
WI,Green Bay,5531000,104057,"[44.5149847816, -87.9896195955]",12.5,12.4,12.2,12.7,12.1,12.6
WI,Kenosha,5539225,99218,"[42.585570271, -87.8735745085]",12.3,12.1,12.0,12.5,11.9,12.4
WI,Madison,5548000,233209,"[43.0809865694, -89.3915106344]",10.5,9.9,10.3,10.8,9.7,10.1
WI,Milwaukee,5553000,594833,"[43.0641258925, -87.9672412429]",14.2,13.9,14.1,14.3,13.8,14.0
WI,Racine,5566000,78860,"[42.7274599494, -87.813453024]",13.0,12.9,12.7,13.2,12.6,13.1
WI,Waukesha,5584250,70718,"[43.0093332215, -88.2457679157]",10.6,10.4,10.3,10.9,10.1,10.7
WY,Cheyenne,5613900,59466,"[41.1460804265, -104.789064332]",11.1,11.2,10.7,11.4,10.8,11.5
